{
    "time_of_creating_tokens": 0.47988462448120117,
    "time_of_creating_embeddings": 120.30056834220886,
    "found_word_count": 11741,
    "not_found_word_count": 1835
}