{
    "fetch_time": 11.174802780151367,
    "append_top_time": 7.085464954376221,
    "top_count": 112,
    "append_social_time": 140.2672119140625,
    "drop_duplicates_time": 0.005532979965209961
}