{
    "fetch_time": 11.406871795654297,
    "append_top_time": 6.993277311325073,
    "top_count": 115,
    "append_social_time": 142.46369099617004,
    "drop_duplicates_time": 0.0068035125732421875
}