{
    "fetch_time": 10.390865564346313,
    "append_top_time": 6.935046434402466,
    "top_count": 30,
    "append_social_time": 828.1998133659363,
    "drop_duplicates_time": 1.145522117614746
}